{
  "config": {
    "run_name": "test",
    "out_dir": "./results",
    "seed": 277644073,
    "device": null,
    "bs_train": 128,
    "bs_test": 32,
    "batches": 100,
    "epochs": 100,
    "early_stopping": 3,
    "checkpoints": null,
    "lr": 0.001,
    "reg": 0.001,
    "filters_per_layer": [
      128
    ],
    "pool_every": 2,
    "hidden_dims": [
      100
    ],
    "model_type": "cnn",
    "kw": {},
    "layers_per_block": 4
  },
  "results": {
    "num_epochs": 0,
    "train_loss": [
      1.6036686897277832,
      1.123034119606018,
      0.9024080634117126,
      0.7692497968673706,
      0.6644721627235413,
      0.5632382035255432,
      0.47459059953689575,
      0.3917144238948822,
      0.31849247217178345,
      0.25407230854034424,
      0.20500612258911133,
      0.1609751284122467
    ],
    "train_acc": [
      41.50199890136719,
      60.03799819946289,
      68.33999633789062,
      73.14799499511719,
      76.83200073242188,
      80.48199462890625,
      83.34600067138672,
      86.11199951171875,
      88.86000061035156,
      90.99199676513672,
      92.72000122070312,
      94.22599792480469
    ],
    "test_loss": [
      1.2585525512695312,
      0.9967648983001709,
      0.9061903357505798,
      0.8690624833106995,
      0.8481367826461792,
      0.79625403881073,
      0.813586413860321,
      0.8762384653091431,
      0.9918211698532104,
      1.0080662965774536,
      1.1731436252593994,
      1.3155083656311035
    ],
    "test_acc": [
      54.79999923706055,
      64.97999572753906,
      67.79999542236328,
      69.31999969482422,
      71.02999877929688,
      73.27999877929688,
      73.44999694824219,
      72.98999786376953,
      72.72000122070312,
      72.1500015258789,
      72.15999603271484,
      72.70999908447266
    ]
  }
}