{
  "config": {
    "run_name": "test",
    "out_dir": "./results",
    "seed": 1219249074,
    "device": null,
    "bs_train": 128,
    "bs_test": 32,
    "batches": 100,
    "epochs": 100,
    "early_stopping": 3,
    "checkpoints": null,
    "lr": 0.001,
    "reg": 0.001,
    "filters_per_layer": [
      64,
      128,
      256
    ],
    "pool_every": 2,
    "hidden_dims": [
      100
    ],
    "model_type": "resnet",
    "kw": {},
    "layers_per_block": 2
  },
  "results": {
    "num_epochs": 0,
    "train_loss": [
      1.5536292791366577,
      1.0091853141784668,
      0.774343729019165,
      0.6286647915840149,
      0.5082748532295227,
      0.403300940990448,
      0.3103659749031067,
      0.23283697664737701,
      0.16833312809467316,
      0.13978755474090576,
      0.10784821957349777,
      0.09728418290615082
    ],
    "train_acc": [
      43.12999725341797,
      64.01799774169922,
      72.80599975585938,
      77.91600036621094,
      82.07799530029297,
      85.86399841308594,
      89.0,
      91.73600006103516,
      94.04199981689453,
      94.96399688720703,
      96.2979965209961,
      96.54199981689453
    ],
    "test_loss": [
      1.150418996810913,
      0.896209180355072,
      0.8016971945762634,
      0.6954723000526428,
      0.7486594319343567,
      0.6621254086494446,
      0.6963225603103638,
      0.789189338684082,
      0.893092930316925,
      0.9294681549072266,
      0.9504098296165466,
      1.115606665611267
    ],
    "test_acc": [
      58.869998931884766,
      68.29999542236328,
      71.61000061035156,
      76.02999877929688,
      75.0199966430664,
      78.0,
      78.33999633789062,
      77.4000015258789,
      77.72999572753906,
      77.83000183105469,
      77.27999877929688,
      77.16999816894531
    ]
  }
}