{
  "config": {
    "run_name": "test",
    "out_dir": "./results",
    "seed": 1969835914,
    "device": null,
    "bs_train": 128,
    "bs_test": 32,
    "batches": 100,
    "epochs": 100,
    "early_stopping": 3,
    "checkpoints": null,
    "lr": 0.001,
    "reg": 0.001,
    "filters_per_layer": [
      256
    ],
    "pool_every": 2,
    "hidden_dims": [
      100
    ],
    "model_type": "cnn",
    "kw": {},
    "layers_per_block": 8
  },
  "results": {
    "num_epochs": 0,
    "train_loss": [
      1.9637367725372314,
      1.4826838970184326,
      1.191978931427002,
      1.0149811506271362,
      0.8869282007217407,
      0.7680848836898804,
      0.6799061298370361,
      0.5968759655952454,
      0.5204830169677734,
      0.4523899257183075,
      0.4010872542858124,
      0.3427934944629669,
      0.2914993166923523,
      0.24890823662281036,
      0.21914136409759521,
      0.18971915543079376,
      0.16951094567775726,
      0.14651919901371002,
      0.13299810886383057,
      0.12387076020240784,
      0.1150321289896965,
      0.11771049350500107,
      0.10816407948732376,
      0.0982549786567688,
      0.09485222399234772,
      0.09264001995325089,
      0.08992718160152435,
      0.08200404793024063
    ],
    "train_acc": [
      26.349998474121094,
      45.02399826049805,
      56.795997619628906,
      63.83599853515625,
      68.50999450683594,
      72.93399810791016,
      76.07599639892578,
      78.82599639892578,
      81.60199737548828,
      84.02999877929688,
      85.77399444580078,
      87.83399963378906,
      89.51799774169922,
      91.10399627685547,
      92.33999633789062,
      93.26399993896484,
      93.9219970703125,
      94.86399841308594,
      95.2760009765625,
      95.5739974975586,
      95.85399627685547,
      95.86399841308594,
      96.22599792480469,
      96.53599548339844,
      96.7459945678711,
      96.75,
      96.88399505615234,
      97.18799591064453
    ],
    "test_loss": [
      1.6307387351989746,
      1.3153715133666992,
      1.1308363676071167,
      1.013461947441101,
      0.8986395001411438,
      0.8751434683799744,
      0.7853876352310181,
      0.8129713535308838,
      0.7441746592521667,
      0.7623270750045776,
      0.7707593441009521,
      0.807612419128418,
      0.8257561326026917,
      0.9569327235221863,
      0.9862300157546997,
      1.0299439430236816,
      1.027572512626648,
      1.1303199529647827,
      1.189319372177124,
      1.2348122596740723,
      1.3161977529525757,
      1.2718924283981323,
      1.2791610956192017,
      1.3054331541061401,
      1.3058805465698242,
      1.4419093132019043,
      1.3702389001846313,
      1.4224306344985962
    ],
    "test_acc": [
      38.70000076293945,
      52.89999771118164,
      59.57999801635742,
      63.91999816894531,
      68.08999633789062,
      69.5999984741211,
      73.20999908447266,
      73.19999694824219,
      74.98999786376953,
      75.95999908447266,
      75.48999786376953,
      75.68000030517578,
      76.11000061035156,
      74.8699951171875,
      75.4000015258789,
      76.08999633789062,
      75.37999725341797,
      76.18000030517578,
      74.88999938964844,
      75.58000183105469,
      75.05999755859375,
      76.25999450683594,
      76.3499984741211,
      75.47999572753906,
      75.43999481201172,
      75.0,
      75.52999877929688,
      75.56999969482422
    ]
  }
}