{
  "config": {
    "run_name": "test",
    "out_dir": "./results",
    "seed": 515473246,
    "device": null,
    "bs_train": 128,
    "bs_test": 32,
    "batches": 100,
    "epochs": 100,
    "early_stopping": 3,
    "checkpoints": null,
    "lr": 0.001,
    "reg": 0.001,
    "filters_per_layer": [
      32
    ],
    "pool_every": 6,
    "hidden_dims": [
      100
    ],
    "model_type": "resnet",
    "kw": {},
    "layers_per_block": 32
  },
  "results": {
    "num_epochs": 0,
    "train_loss": [
      1.9473658800125122,
      1.5881447792053223,
      1.4496616125106812,
      1.3246405124664307,
      1.2021254301071167,
      1.1058303117752075,
      1.0182268619537354,
      0.9546380639076233,
      0.8805438876152039,
      0.832240879535675,
      0.7942037582397461,
      0.75575852394104,
      0.7182486653327942,
      0.6882862448692322,
      0.6555072069168091,
      0.6336302161216736,
      0.6017342209815979,
      0.5853492021560669,
      0.5583834648132324,
      0.5485827326774597,
      0.5232945680618286,
      0.5099868178367615,
      0.48706358671188354,
      0.4830734431743622,
      0.4587591886520386,
      0.4527856707572937,
      0.4381549060344696,
      0.42992904782295227,
      0.4138203561306,
      0.409826397895813,
      0.3932766616344452,
      0.38417497277259827,
      0.3829290568828583,
      0.38634800910949707,
      0.35826751589775085,
      0.35854095220565796,
      0.3492310643196106,
      0.3512541353702545,
      0.3400188088417053
    ],
    "train_acc": [
      27.25,
      41.152000427246094,
      46.641998291015625,
      51.58599853515625,
      56.37799835205078,
      60.141998291015625,
      63.1879997253418,
      65.8499984741211,
      68.60399627685547,
      70.4280014038086,
      71.70199584960938,
      73.3759994506836,
      74.76399993896484,
      75.56199645996094,
      76.86199951171875,
      77.56999969482422,
      78.6520004272461,
      79.28199768066406,
      80.2719955444336,
      80.69999694824219,
      81.43399810791016,
      81.77999877929688,
      82.7979965209961,
      82.94400024414062,
      83.79999542236328,
      83.87799835205078,
      84.36000061035156,
      84.68000030517578,
      85.31399536132812,
      85.4000015258789,
      86.10799407958984,
      86.30199432373047,
      86.30999755859375,
      86.10799407958984,
      87.11000061035156,
      87.23600006103516,
      87.55599975585938,
      87.57799530029297,
      87.90999603271484
    ],
    "test_loss": [
      1.73104727268219,
      1.5380197763442993,
      1.3961173295974731,
      1.2916326522827148,
      1.2316362857818604,
      1.0790276527404785,
      0.9968140125274658,
      0.985389232635498,
      0.9436913132667542,
      0.8965955376625061,
      0.9229449033737183,
      0.86067134141922,
      0.8418605327606201,
      0.8151441216468811,
      0.7971540093421936,
      0.7976335883140564,
      0.8251815438270569,
      0.8109708428382874,
      0.785760223865509,
      0.7823775410652161,
      0.790317952632904,
      0.7842310667037964,
      0.8066903352737427,
      0.7816622257232666,
      0.8151618838310242,
      0.8000319004058838,
      0.8158838748931885,
      0.8137087225914001,
      0.8132162094116211,
      0.8339981436729431,
      0.8195754885673523,
      0.8296623229980469,
      0.8763311505317688,
      0.8149098753929138,
      0.8751449584960938,
      0.8574334383010864,
      0.8316073417663574,
      0.9015973210334778,
      0.867592453956604
    ],
    "test_acc": [
      34.790000915527344,
      43.91999816894531,
      48.64999771118164,
      53.119998931884766,
      55.97999954223633,
      61.619998931884766,
      64.47000122070312,
      64.81999969482422,
      66.8699951171875,
      68.25999450683594,
      67.47000122070312,
      69.54999542236328,
      70.43000030517578,
      70.98999786376953,
      72.65999603271484,
      72.16999816894531,
      72.5199966430664,
      72.30999755859375,
      73.81999969482422,
      73.83000183105469,
      73.65999603271484,
      73.98999786376953,
      74.16999816894531,
      74.2699966430664,
      73.19999694824219,
      74.8699951171875,
      73.93999481201172,
      74.47000122070312,
      74.6199951171875,
      73.93000030517578,
      74.87999725341797,
      74.70999908447266,
      74.04999542236328,
      75.29000091552734,
      73.5999984741211,
      74.3699951171875,
      75.00999450683594,
      73.04000091552734,
      74.90999603271484
    ]
  }
}