{
  "config": {
    "run_name": "test",
    "out_dir": "./results",
    "seed": 893243538,
    "device": null,
    "bs_train": 128,
    "bs_test": 32,
    "batches": 100,
    "epochs": 100,
    "early_stopping": 3,
    "checkpoints": null,
    "lr": 0.001,
    "reg": 0.001,
    "filters_per_layer": [
      32
    ],
    "pool_every": 2,
    "hidden_dims": [
      100
    ],
    "model_type": "resnet",
    "kw": {},
    "layers_per_block": 8
  },
  "results": {
    "num_epochs": 0,
    "train_loss": [
      1.708404302597046,
      1.282655954360962,
      1.0861560106277466,
      0.9638538360595703,
      0.8751599788665771,
      0.8023237586021423,
      0.7460920810699463,
      0.7010413408279419,
      0.6571936011314392,
      0.6241901516914368,
      0.5880991816520691,
      0.5536516308784485,
      0.5285762548446655,
      0.502231776714325,
      0.4790363311767578,
      0.4526945948600769,
      0.4313603937625885,
      0.41457265615463257,
      0.39340120553970337,
      0.3712996542453766,
      0.3550320863723755,
      0.344301700592041,
      0.3203495442867279
    ],
    "train_acc": [
      36.68000030517578,
      53.354000091552734,
      61.003997802734375,
      65.91600036621094,
      69.16199493408203,
      71.75999450683594,
      73.79000091552734,
      75.25,
      76.93399810791016,
      77.90399932861328,
      79.28199768066406,
      80.5260009765625,
      81.30400085449219,
      82.35199737548828,
      82.95999908447266,
      83.89399719238281,
      84.65799713134766,
      85.3219985961914,
      86.0479965209961,
      86.75999450683594,
      87.31399536132812,
      87.78399658203125,
      88.593994140625
    ],
    "test_loss": [
      1.443856120109558,
      1.1642996072769165,
      1.0396522283554077,
      0.9502555131912231,
      0.9435445666313171,
      0.8436599373817444,
      0.8361823558807373,
      0.8143832087516785,
      0.7649689316749573,
      0.7860464453697205,
      0.7716692686080933,
      0.7847726345062256,
      0.7701980471611023,
      0.7770273685455322,
      0.8493954539299011,
      0.7897946238517761,
      0.834725558757782,
      0.8029128313064575,
      0.8001587986946106,
      0.8447262644767761,
      0.818528413772583,
      0.9051859378814697,
      0.9077633619308472
    ],
    "test_acc": [
      45.939998626708984,
      58.22999954223633,
      62.81999969482422,
      66.86000061035156,
      66.93000030517578,
      70.18999481201172,
      70.56999969482422,
      72.04999542236328,
      73.97999572753906,
      73.58999633789062,
      73.75,
      73.72999572753906,
      74.31999969482422,
      73.97000122070312,
      72.93000030517578,
      74.33999633789062,
      73.91999816894531,
      74.95999908447266,
      74.87999725341797,
      74.33999633789062,
      74.47000122070312,
      73.66999816894531,
      73.97999572753906
    ]
  }
}