{
  "config": {
    "run_name": "test",
    "out_dir": "./results",
    "seed": 1299156223,
    "device": null,
    "bs_train": 128,
    "bs_test": 32,
    "batches": 100,
    "epochs": 100,
    "early_stopping": 3,
    "checkpoints": null,
    "lr": 0.001,
    "reg": 0.001,
    "filters_per_layer": [
      32
    ],
    "pool_every": 2,
    "hidden_dims": [
      100
    ],
    "model_type": "cnn",
    "kw": {},
    "layers_per_block": 4
  },
  "results": {
    "num_epochs": 0,
    "train_loss": [
      1.708536982536316,
      1.281799554824829,
      1.1164945363998413,
      0.9960468411445618,
      0.9005447626113892,
      0.8226237893104553,
      0.7597696185112,
      0.7179622054100037,
      0.6757763028144836,
      0.6349585652351379,
      0.5936042070388794,
      0.5583949685096741,
      0.5298156142234802,
      0.4972398281097412,
      0.46620073914527893,
      0.43536701798439026,
      0.40715131163597107
    ],
    "train_acc": [
      37.5099983215332,
      54.39399719238281,
      60.481998443603516,
      65.0219955444336,
      68.13600158691406,
      71.06800079345703,
      73.49199676513672,
      74.90399932861328,
      76.30999755859375,
      77.79999542236328,
      79.11199951171875,
      80.28199768066406,
      81.22000122070312,
      82.3239974975586,
      83.54999542236328,
      84.57999420166016,
      85.56599426269531
    ],
    "test_loss": [
      1.443435788154602,
      1.2209632396697998,
      1.0638445615768433,
      1.0193487405776978,
      0.9398725628852844,
      0.8746140003204346,
      0.8542410731315613,
      0.8738877177238464,
      0.8520476818084717,
      0.8407519459724426,
      0.8883202075958252,
      0.842387318611145,
      0.8777368664741516,
      0.8815629482269287,
      0.930893063545227,
      0.9573416113853455,
      0.9629144668579102
    ],
    "test_acc": [
      47.619998931884766,
      56.63999938964844,
      61.66999816894531,
      64.29999542236328,
      66.83999633789062,
      69.68000030517578,
      70.22000122070312,
      69.79000091552734,
      70.75999450683594,
      71.50999450683594,
      70.93999481201172,
      72.33000183105469,
      71.68999481201172,
      71.73999786376953,
      71.45999908447266,
      70.4000015258789,
      71.3499984741211
    ]
  }
}