{
  "config": {
    "run_name": "test",
    "out_dir": "./results",
    "seed": 36583430,
    "device": null,
    "bs_train": 128,
    "bs_test": 32,
    "batches": 100,
    "epochs": 100,
    "early_stopping": 3,
    "checkpoints": null,
    "lr": 0.001,
    "reg": 0.001,
    "filters_per_layer": [
      64
    ],
    "pool_every": 2,
    "hidden_dims": [
      100
    ],
    "model_type": "cnn",
    "kw": {},
    "layers_per_block": 8
  },
  "results": {
    "num_epochs": 0,
    "train_loss": [
      1.893869400024414,
      1.5050128698349,
      1.2595943212509155,
      1.090577244758606,
      0.9621427655220032,
      0.8740915060043335,
      0.7836188077926636,
      0.7153461575508118,
      0.6577983498573303,
      0.6113449335098267,
      0.5716882348060608,
      0.5230433940887451,
      0.48571261763572693,
      0.45245715975761414,
      0.4178001582622528,
      0.38981539011001587,
      0.35827434062957764,
      0.33079588413238525
    ],
    "train_acc": [
      29.13399887084961,
      44.24799728393555,
      53.6719970703125,
      60.72200012207031,
      65.52999877929688,
      68.6780014038086,
      72.0479965209961,
      74.58799743652344,
      76.77399444580078,
      78.46599578857422,
      79.7179946899414,
      81.447998046875,
      82.8759994506836,
      83.98799896240234,
      85.2760009765625,
      86.23799896240234,
      87.25999450683594,
      88.09199523925781
    ],
    "test_loss": [
      1.6988029479980469,
      1.3260201215744019,
      1.1659343242645264,
      1.035503625869751,
      0.9900493621826172,
      0.940304696559906,
      0.8420179486274719,
      0.7958203554153442,
      0.7743503451347351,
      0.7842428684234619,
      0.7301590442657471,
      0.7180701494216919,
      0.7240318059921265,
      0.7561542987823486,
      0.7774642705917358,
      0.7554019093513489,
      0.795989990234375,
      0.8328346610069275
    ],
    "test_acc": [
      36.52000045776367,
      51.47999954223633,
      57.56999969482422,
      62.90999984741211,
      64.95999908447266,
      66.7699966430664,
      70.58000183105469,
      72.47999572753906,
      73.48999786376953,
      72.80999755859375,
      75.88999938964844,
      75.93999481201172,
      76.6500015258789,
      75.29000091552734,
      75.5199966430664,
      76.30999755859375,
      76.04999542236328,
      76.0999984741211
    ]
  }
}