{
  "config": {
    "run_name": "test",
    "out_dir": "./results",
    "seed": 1905901635,
    "device": null,
    "bs_train": 128,
    "bs_test": 32,
    "batches": 100,
    "epochs": 100,
    "early_stopping": 3,
    "checkpoints": null,
    "lr": 0.001,
    "reg": 0.001,
    "filters_per_layer": [
      32
    ],
    "pool_every": 2,
    "hidden_dims": [
      100
    ],
    "model_type": "cnn",
    "kw": {},
    "layers_per_block": 8
  },
  "results": {
    "num_epochs": 0,
    "train_loss": [
      1.9311115741729736,
      1.6044673919677734,
      1.4398924112319946,
      1.2899073362350464,
      1.1725398302078247,
      1.087630271911621,
      1.0295207500457764,
      0.9730497598648071,
      0.9290834665298462,
      0.8811834454536438,
      0.8398023843765259,
      0.8104450106620789,
      0.780143141746521,
      0.7468095421791077,
      0.7164082527160645,
      0.6873499155044556,
      0.6672598123550415,
      0.6442878246307373,
      0.6168400645256042,
      0.6008373498916626,
      0.5824064612388611,
      0.5704578161239624,
      0.5454026460647583,
      0.530389666557312,
      0.5091331005096436,
      0.5025153756141663,
      0.4828599989414215,
      0.4680367708206177,
      0.4511982202529907,
      0.44821518659591675,
      0.42878443002700806,
      0.41855236887931824,
      0.41044703125953674,
      0.39584410190582275
    ],
    "train_acc": [
      27.803998947143555,
      40.45800018310547,
      47.14399719238281,
      52.9839973449707,
      57.295997619628906,
      60.85799789428711,
      63.13999938964844,
      65.17599487304688,
      66.83999633789062,
      68.72799682617188,
      70.25599670410156,
      71.43000030517578,
      72.45600128173828,
      73.9280014038086,
      74.86799621582031,
      75.83999633789062,
      76.73999786376953,
      77.31800079345703,
      78.39399719238281,
      79.01399993896484,
      79.45999908447266,
      79.94599914550781,
      80.78799438476562,
      81.32999420166016,
      82.27399444580078,
      82.46599578857422,
      82.99199676513672,
      83.6780014038086,
      84.15999603271484,
      84.23600006103516,
      84.82999420166016,
      85.13800048828125,
      85.47200012207031,
      85.86199951171875
    ],
    "test_loss": [
      1.7469221353530884,
      1.5146251916885376,
      1.320936918258667,
      1.255311369895935,
      1.1497799158096313,
      1.0946863889694214,
      1.1200242042541504,
      0.9818845391273499,
      0.9573903679847717,
      0.9253696799278259,
      0.9163088798522949,
      0.8996667861938477,
      0.862433135509491,
      0.8550900220870972,
      0.8382017612457275,
      0.8422384262084961,
      0.8023031949996948,
      0.7792067527770996,
      0.8150003552436829,
      0.7941796779632568,
      0.7790282368659973,
      0.7920836210250854,
      0.8063439726829529,
      0.7903805375099182,
      0.7814133763313293,
      0.7871306538581848,
      0.8383598923683167,
      0.8172671794891357,
      0.7946282625198364,
      0.8127777576446533,
      0.8813936710357666,
      0.826139509677887,
      0.8654689788818359,
      0.8910940289497375
    ],
    "test_acc": [
      35.11000061035156,
      43.78999710083008,
      51.369998931884766,
      53.65999984741211,
      57.38999938964844,
      60.439998626708984,
      59.65999984741211,
      64.48999786376953,
      65.75,
      67.61000061035156,
      67.29000091552734,
      68.69999694824219,
      69.91999816894531,
      70.16999816894531,
      70.50999450683594,
      70.43999481201172,
      72.18999481201172,
      73.22000122070312,
      72.06999969482422,
      73.08000183105469,
      73.94999694824219,
      73.18999481201172,
      73.22000122070312,
      73.93999481201172,
      74.23999786376953,
      73.8699951171875,
      73.9000015258789,
      73.45999908447266,
      74.72999572753906,
      74.13999938964844,
      73.33999633789062,
      74.66999816894531,
      74.08999633789062,
      73.69999694824219
    ]
  }
}