{
  "config": {
    "run_name": "test",
    "out_dir": "./results",
    "seed": 1996399856,
    "device": null,
    "bs_train": 128,
    "bs_test": 32,
    "batches": 100,
    "epochs": 100,
    "early_stopping": 3,
    "checkpoints": null,
    "lr": 0.001,
    "reg": 0.001,
    "filters_per_layer": [
      128
    ],
    "pool_every": 2,
    "hidden_dims": [
      100
    ],
    "model_type": "cnn",
    "kw": {},
    "layers_per_block": 8
  },
  "results": {
    "num_epochs": 0,
    "train_loss": [
      1.8682880401611328,
      1.4655263423919678,
      1.1912480592727661,
      1.001037359237671,
      0.8644620776176453,
      0.7484466433525085,
      0.66722172498703,
      0.5848228335380554,
      0.5105715394020081,
      0.46005502343177795,
      0.4029725193977356,
      0.3549347221851349,
      0.3063514530658722,
      0.27347037196159363,
      0.2416604608297348,
      0.2171684354543686,
      0.18506988883018494
    ],
    "train_acc": [
      29.42799949645996,
      45.86399841308594,
      56.96399688720703,
      64.01000213623047,
      69.1199951171875,
      73.34199523925781,
      76.51200103759766,
      79.42599487304688,
      82.06800079345703,
      83.95800018310547,
      85.72599792480469,
      87.35799407958984,
      89.0459976196289,
      90.25999450683594,
      91.33599853515625,
      92.2439956665039,
      93.46399688720703
    ],
    "test_loss": [
      1.579440712928772,
      1.2768681049346924,
      1.0949562788009644,
      0.9813205003738403,
      0.9022430777549744,
      0.7851758599281311,
      0.7507705688476562,
      0.7438905239105225,
      0.7127842307090759,
      0.7007766366004944,
      0.68145751953125,
      0.7026907801628113,
      0.7215903997421265,
      0.7647681832313538,
      0.7922467589378357,
      0.8352200984954834,
      0.9094009399414062
    ],
    "test_acc": [
      40.73999786376953,
      52.96999740600586,
      60.80999755859375,
      65.22000122070312,
      68.69999694824219,
      73.00999450683594,
      73.87999725341797,
      75.12999725341797,
      76.45999908447266,
      77.41999816894531,
      78.22000122070312,
      78.54999542236328,
      78.2699966430664,
      78.02999877929688,
      77.98999786376953,
      77.58999633789062,
      78.02999877929688
    ]
  }
}