{
  "config": {
    "run_name": "test",
    "out_dir": "./results",
    "seed": 458599547,
    "device": null,
    "bs_train": 128,
    "bs_test": 32,
    "batches": 100,
    "epochs": 100,
    "early_stopping": 3,
    "checkpoints": null,
    "lr": 0.001,
    "reg": 0.001,
    "filters_per_layer": [
      64,
      128,
      256
    ],
    "pool_every": 4,
    "hidden_dims": [
      100
    ],
    "model_type": "cnn",
    "kw": {},
    "layers_per_block": 4
  },
  "results": {
    "num_epochs": 0,
    "train_loss": [
      2.3033289909362793,
      2.3029227256774902,
      2.3027830123901367,
      2.302718162536621,
      2.302752733230591,
      2.3027384281158447,
      2.3027184009552,
      2.3027405738830566,
      2.3027095794677734,
      2.302730083465576,
      2.30271577835083,
      2.302680015563965,
      2.3026955127716064,
      2.302701711654663,
      2.3027102947235107,
      2.3027050495147705,
      2.3027005195617676,
      2.3026857376098633
    ],
    "train_acc": [
      9.851999282836914,
      9.88599967956543,
      9.972000122070312,
      9.907999992370605,
      9.96399974822998,
      9.755999565124512,
      9.83799934387207,
      9.5339994430542,
      9.918000221252441,
      9.817999839782715,
      9.934000015258789,
      9.887999534606934,
      10.055999755859375,
      9.781999588012695,
      9.863999366760254,
      9.829999923706055,
      9.854000091552734,
      9.817999839782715
    ],
    "test_loss": [
      2.3027780055999756,
      2.3026275634765625,
      2.302663803100586,
      2.3026962280273438,
      2.3026280403137207,
      2.3026206493377686,
      2.3026013374328613,
      2.302609443664551,
      2.302609443664551,
      2.302607536315918,
      2.3025922775268555,
      2.30260968208313,
      2.3025975227355957,
      2.302607297897339,
      2.3025963306427,
      2.302605152130127,
      2.30259108543396,
      2.3025882244110107
    ],
    "test_acc": [
      10.0,
      10.0,
      10.0,
      10.0,
      10.0,
      10.0,
      10.0,
      10.0,
      10.0,
      10.0,
      10.0,
      10.0,
      10.0,
      10.0,
      10.0,
      10.0,
      10.0,
      10.0
    ]
  }
}