{
  "config": {
    "run_name": "test",
    "out_dir": "./results",
    "seed": 34107669,
    "device": null,
    "bs_train": 128,
    "bs_test": 32,
    "batches": 100,
    "epochs": 100,
    "early_stopping": 3,
    "checkpoints": null,
    "lr": 0.001,
    "reg": 0.001,
    "filters_per_layer": [
      64
    ],
    "pool_every": 4,
    "hidden_dims": [
      100
    ],
    "model_type": "cnn",
    "kw": {},
    "layers_per_block": 16
  },
  "results": {
    "num_epochs": 0,
    "train_loss": [
      2.3030266761779785,
      2.302809000015259,
      2.3027851581573486,
      2.3027796745300293,
      2.3027875423431396,
      2.302779197692871,
      2.3027374744415283,
      2.302748203277588,
      2.30273699760437,
      2.302694082260132,
      2.302725076675415,
      2.302738666534424,
      2.302713632583618,
      2.302738666534424,
      2.302715539932251,
      2.302718162536621,
      2.3027260303497314,
      2.3026962280273438
    ],
    "train_acc": [
      9.935999870300293,
      9.779999732971191,
      9.755999565124512,
      10.003999710083008,
      9.925999641418457,
      9.911999702453613,
      9.995999336242676,
      9.703999519348145,
      9.831999778747559,
      9.84999942779541,
      9.915999412536621,
      9.48799991607666,
      9.880000114440918,
      9.65999984741211,
      9.84999942779541,
      9.842000007629395,
      9.668000221252441,
      9.958000183105469
    ],
    "test_loss": [
      2.302640914916992,
      2.3027000427246094,
      2.3026928901672363,
      2.3026769161224365,
      2.3026251792907715,
      2.3026278018951416,
      2.30263352394104,
      2.302628517150879,
      2.3026015758514404,
      2.3026485443115234,
      2.302638530731201,
      2.3025996685028076,
      2.302610158920288,
      2.302598476409912,
      2.302598714828491,
      2.3025968074798584,
      2.3025929927825928,
      2.3025975227355957
    ],
    "test_acc": [
      10.0,
      10.0,
      10.0,
      10.0,
      10.0,
      10.0,
      10.0,
      10.0,
      10.0,
      10.0,
      10.0,
      10.0,
      10.0,
      10.0,
      10.0,
      10.0,
      10.0,
      10.0
    ]
  }
}