{
  "config": {
    "run_name": "test",
    "out_dir": "./results",
    "seed": 191251968,
    "device": null,
    "bs_train": 128,
    "bs_test": 32,
    "batches": 100,
    "epochs": 100,
    "early_stopping": 3,
    "checkpoints": null,
    "lr": 0.001,
    "reg": 0.001,
    "filters_per_layer": [
      128
    ],
    "pool_every": 2,
    "hidden_dims": [
      100
    ],
    "model_type": "cnn",
    "kw": {},
    "layers_per_block": 2
  },
  "results": {
    "num_epochs": 0,
    "train_loss": [
      1.4876981973648071,
      1.108447790145874,
      0.9547911286354065,
      0.8430914878845215,
      0.7543239593505859,
      0.6746686697006226,
      0.6015766263008118,
      0.5300695896148682,
      0.46031931042671204,
      0.3919941782951355,
      0.33076390624046326
    ],
    "train_acc": [
      46.29399871826172,
      60.82600021362305,
      66.50999450683594,
      70.44200134277344,
      73.72200012207031,
      76.33999633789062,
      79.05999755859375,
      81.24199676513672,
      84.00199890136719,
      86.39399719238281,
      88.55999755859375
    ],
    "test_loss": [
      1.2489959001541138,
      1.0479789972305298,
      0.9820423126220703,
      0.9605309367179871,
      0.9391353130340576,
      0.9585558176040649,
      0.9649288058280945,
      1.0058045387268066,
      1.0517587661743164,
      1.1256016492843628,
      1.2111507654190063
    ],
    "test_acc": [
      55.22999954223633,
      62.7599983215332,
      65.15999603271484,
      65.73999786376953,
      67.36000061035156,
      67.98999786376953,
      67.29000091552734,
      67.70999908447266,
      67.75,
      67.2699966430664,
      67.0999984741211
    ]
  }
}