{
  "config": {
    "run_name": "test",
    "out_dir": "./results",
    "seed": 972040988,
    "device": null,
    "bs_train": 128,
    "bs_test": 32,
    "batches": 100,
    "epochs": 100,
    "early_stopping": 3,
    "checkpoints": null,
    "lr": 0.001,
    "reg": 0.001,
    "filters_per_layer": [
      64,
      128,
      256
    ],
    "pool_every": 2,
    "hidden_dims": [
      100
    ],
    "model_type": "cnn",
    "kw": {},
    "layers_per_block": 1
  },
  "results": {
    "num_epochs": 0,
    "train_loss": [
      1.4890077114105225,
      1.0358374118804932,
      0.825421154499054,
      0.6791503429412842,
      0.5319807529449463,
      0.40826812386512756,
      0.28341448307037354,
      0.1817532181739807,
      0.11882814764976501,
      0.09359896928071976
    ],
    "train_acc": [
      46.15999984741211,
      63.387996673583984,
      70.89399719238281,
      76.08000183105469,
      81.32999420166016,
      85.72599792480469,
      90.13599395751953,
      93.68999481201172,
      95.94599914550781,
      96.73999786376953
    ],
    "test_loss": [
      1.1906137466430664,
      0.9935882091522217,
      0.8778066635131836,
      0.7986138463020325,
      0.8344841003417969,
      0.9128251671791077,
      1.0217622518539429,
      1.1483309268951416,
      1.3729424476623535,
      1.5131852626800537
    ],
    "test_acc": [
      57.68000030517578,
      65.27999877929688,
      69.3499984741211,
      72.3499984741211,
      72.70999908447266,
      71.79999542236328,
      71.25999450683594,
      72.63999938964844,
      72.5199966430664,
      71.3699951171875
    ]
  }
}