{
  "config": {
    "run_name": "test",
    "out_dir": "./results",
    "seed": 176619713,
    "device": null,
    "bs_train": 128,
    "bs_test": 32,
    "batches": 100,
    "epochs": 100,
    "early_stopping": 3,
    "checkpoints": null,
    "lr": 0.001,
    "reg": 0.001,
    "filters_per_layer": [
      32
    ],
    "pool_every": 2,
    "hidden_dims": [
      100
    ],
    "model_type": "cnn",
    "kw": {},
    "layers_per_block": 2
  },
  "results": {
    "num_epochs": 0,
    "train_loss": [
      1.520073413848877,
      1.1619030237197876,
      1.002991795539856,
      0.9020522236824036,
      0.8194378614425659,
      0.7498186230659485,
      0.6803778409957886,
      0.6177158355712891,
      0.5589527487754822,
      0.4954666793346405,
      0.4320150315761566
    ],
    "train_acc": [
      45.513999938964844,
      59.21799850463867,
      64.79999542236328,
      68.31800079345703,
      71.39599609375,
      73.8479995727539,
      76.46399688720703,
      78.5459976196289,
      80.56800079345703,
      82.74800109863281,
      85.08999633789062
    ],
    "test_loss": [
      1.2917991876602173,
      1.1305322647094727,
      1.0670056343078613,
      0.9837633371353149,
      0.9648798108100891,
      0.9258455634117126,
      0.94011390209198,
      0.9780654907226562,
      1.049176573753357,
      1.017198085784912,
      1.0814976692199707
    ],
    "test_acc": [
      54.72999954223633,
      60.369998931884766,
      62.599998474121094,
      65.70999908447266,
      66.5,
      68.1199951171875,
      67.98999786376953,
      67.47999572753906,
      66.97000122070312,
      67.9000015258789,
      67.97000122070312
    ]
  }
}