{
  "config": {
    "run_name": "test",
    "out_dir": "./results",
    "seed": 683131840,
    "device": null,
    "bs_train": 128,
    "bs_test": 32,
    "batches": 100,
    "epochs": 100,
    "early_stopping": 3,
    "checkpoints": null,
    "lr": 0.001,
    "reg": 0.001,
    "filters_per_layer": [
      64,
      128,
      256
    ],
    "pool_every": 2,
    "hidden_dims": [
      100
    ],
    "model_type": "cnn",
    "kw": {},
    "layers_per_block": 3
  },
  "results": {
    "num_epochs": 0,
    "train_loss": [
      1.8812525272369385,
      1.4489978551864624,
      1.1325008869171143,
      0.9364904165267944,
      0.7968664169311523,
      0.6855852603912354,
      0.5980008840560913,
      0.5229781866073608,
      0.4526751637458801,
      0.3944944143295288,
      0.3419109880924225,
      0.2991185486316681,
      0.25533032417297363,
      0.22819040715694427,
      0.20346805453300476,
      0.17248372733592987,
      0.151639923453331,
      0.14621251821517944
    ],
    "train_acc": [
      27.670000076293945,
      45.67399978637695,
      59.0359992980957,
      66.22799682617188,
      71.81999969482422,
      75.71399688720703,
      78.94200134277344,
      81.5479965209961,
      83.9739990234375,
      86.14399719238281,
      88.0260009765625,
      89.23799896240234,
      91.12199401855469,
      92.01799774169922,
      92.7699966430664,
      94.08200073242188,
      94.69599914550781,
      94.947998046875
    ],
    "test_loss": [
      1.6893901824951172,
      1.2708576917648315,
      1.10527503490448,
      0.901107907295227,
      0.8092899918556213,
      0.7788456082344055,
      0.7511431574821472,
      0.7629868984222412,
      0.7040280103683472,
      0.7072849273681641,
      0.7626640200614929,
      0.7538530826568604,
      0.7309598326683044,
      0.827102780342102,
      0.8171778917312622,
      0.9529212117195129,
      0.9924985766410828,
      1.1498557329177856
    ],
    "test_acc": [
      35.71999740600586,
      54.2599983215332,
      60.07999801635742,
      67.95999908447266,
      71.86000061035156,
      73.5999984741211,
      74.7699966430664,
      74.45999908447266,
      76.23999786376953,
      77.22000122070312,
      77.3699951171875,
      77.75999450683594,
      78.91999816894531,
      77.08000183105469,
      78.41999816894531,
      77.79999542236328,
      77.4000015258789,
      76.1199951171875
    ]
  }
}