{
  "config": {
    "run_name": "test",
    "out_dir": "./results",
    "seed": 998922826,
    "device": null,
    "bs_train": 128,
    "bs_test": 32,
    "batches": 100,
    "epochs": 100,
    "early_stopping": 3,
    "checkpoints": null,
    "lr": 0.001,
    "reg": 0.001,
    "filters_per_layer": [
      256
    ],
    "pool_every": 2,
    "hidden_dims": [
      100
    ],
    "model_type": "cnn",
    "kw": {},
    "layers_per_block": 4
  },
  "results": {
    "num_epochs": 0,
    "train_loss": [
      1.6558889150619507,
      1.1099865436553955,
      0.8908020853996277,
      0.7511086463928223,
      0.6455764174461365,
      0.558928370475769,
      0.4716108739376068,
      0.39892393350601196,
      0.32356876134872437,
      0.2622009515762329,
      0.20754608511924744,
      0.1671886444091797,
      0.13579754531383514,
      0.12042994052171707,
      0.10183445364236832,
      0.09646391868591309,
      0.08058971166610718
    ],
    "train_acc": [
      38.88800048828125,
      60.413997650146484,
      68.49199676513672,
      73.6240005493164,
      77.33399963378906,
      80.29199981689453,
      83.4280014038086,
      85.8759994506836,
      88.55400085449219,
      90.69599914550781,
      92.56599426269531,
      94.08200073242188,
      95.08599853515625,
      95.76599884033203,
      96.33999633789062,
      96.57999420166016,
      97.15599822998047
    ],
    "test_loss": [
      1.3063966035842896,
      1.012583613395691,
      0.86285400390625,
      0.783437192440033,
      0.7795721292495728,
      0.7896042466163635,
      0.7711800932884216,
      0.8119934797286987,
      0.8703669309616089,
      0.9301646947860718,
      1.0605467557907104,
      1.1278959512710571,
      1.2484025955200195,
      1.2694718837738037,
      1.4585736989974976,
      1.404244065284729,
      1.689841628074646
    ],
    "test_acc": [
      52.34000015258789,
      63.349998474121094,
      69.36000061035156,
      72.38999938964844,
      73.2699966430664,
      73.5999984741211,
      74.5,
      74.6199951171875,
      74.95999908447266,
      74.16999816894531,
      73.7699966430664,
      75.08999633789062,
      73.63999938964844,
      72.77999877929688,
      74.00999450683594,
      73.52999877929688,
      73.19999694824219
    ]
  }
}