{
  "config": {
    "run_name": "test",
    "out_dir": "./results",
    "seed": 1468573872,
    "device": null,
    "bs_train": 128,
    "bs_test": 32,
    "batches": 100,
    "epochs": 100,
    "early_stopping": 3,
    "checkpoints": null,
    "lr": 0.001,
    "reg": 0.001,
    "filters_per_layer": [
      64,
      128,
      256
    ],
    "pool_every": 5,
    "hidden_dims": [
      100
    ],
    "model_type": "resnet",
    "kw": {},
    "layers_per_block": 8
  },
  "results": {
    "num_epochs": 0,
    "train_loss": [
      1.9431328773498535,
      1.4583393335342407,
      1.2585041522979736,
      1.1119633913040161,
      0.981278121471405,
      0.8631148934364319,
      0.7728668451309204,
      0.6980878114700317,
      0.6309393644332886,
      0.5742928385734558,
      0.5233197808265686,
      0.47314783930778503,
      0.4334772825241089,
      0.3965927064418793,
      0.36463701725006104,
      0.32027706503868103,
      0.2933996319770813,
      0.266751229763031,
      0.24323129653930664,
      0.2274322658777237,
      0.21097664535045624,
      0.19794099032878876,
      0.1869955211877823,
      0.1639135181903839,
      0.1655627340078354
    ],
    "train_acc": [
      26.855998992919922,
      45.865997314453125,
      54.06399917602539,
      60.025997161865234,
      64.85599517822266,
      69.41799926757812,
      72.65799713134766,
      75.38800048828125,
      77.9219970703125,
      79.7699966430664,
      81.60399627685547,
      83.4219970703125,
      84.8219985961914,
      86.15599822998047,
      87.1259994506836,
      88.7979965209961,
      89.5719985961914,
      90.5479965209961,
      91.41400146484375,
      91.84600067138672,
      92.42399597167969,
      92.88999938964844,
      93.30999755859375,
      94.15799713134766,
      94.05599975585938
    ],
    "test_loss": [
      1.5771273374557495,
      1.3635613918304443,
      1.2676907777786255,
      1.0554389953613281,
      0.951625645160675,
      0.9191313982009888,
      0.8615094423294067,
      0.7960696220397949,
      0.7556923627853394,
      0.7492194175720215,
      0.7423797249794006,
      0.7355780601501465,
      0.7843379974365234,
      0.766272783279419,
      0.7459707260131836,
      0.783798098564148,
      0.7817931771278381,
      0.8376948237419128,
      0.8489487767219543,
      0.8535901308059692,
      0.9250608682632446,
      0.9415975213050842,
      0.9888531565666199,
      0.9702476859092712,
      0.9817982912063599
    ],
    "test_acc": [
      40.80999755859375,
      50.80999755859375,
      53.80999755859375,
      62.69999694824219,
      66.23999786376953,
      67.97999572753906,
      70.12999725341797,
      72.54999542236328,
      73.88999938964844,
      74.41999816894531,
      74.88999938964844,
      76.08000183105469,
      75.04000091552734,
      76.19999694824219,
      76.37999725341797,
      75.98999786376953,
      76.63999938964844,
      76.38999938964844,
      76.18999481201172,
      76.65999603271484,
      76.0,
      76.12999725341797,
      76.05999755859375,
      76.18999481201172,
      76.29999542236328
    ]
  }
}