{
  "config": {
    "run_name": "test",
    "out_dir": "./results",
    "seed": 345958461,
    "device": null,
    "bs_train": 128,
    "bs_test": 32,
    "batches": 100,
    "epochs": 100,
    "early_stopping": 3,
    "checkpoints": null,
    "lr": 0.001,
    "reg": 0.001,
    "filters_per_layer": [
      64
    ],
    "pool_every": 2,
    "hidden_dims": [
      100
    ],
    "model_type": "cnn",
    "kw": {},
    "layers_per_block": 4
  },
  "results": {
    "num_epochs": 0,
    "train_loss": [
      1.533822774887085,
      1.0836608409881592,
      0.8957458734512329,
      0.7725837230682373,
      0.6833029389381409,
      0.6047061681747437,
      0.533292829990387,
      0.4692172706127167,
      0.4106000065803528,
      0.35048869252204895,
      0.29503658413887024,
      0.25245288014411926,
      0.21104532480239868,
      0.17613086104393005,
      0.1497022658586502
    ],
    "train_acc": [
      44.26599884033203,
      61.461997985839844,
      68.33799743652344,
      72.8219985961914,
      75.93599700927734,
      78.83200073242188,
      81.2719955444336,
      83.3479995727539,
      85.61599731445312,
      87.62799835205078,
      89.5739974975586,
      91.06399536132812,
      92.43799591064453,
      93.72999572753906,
      94.73999786376953
    ],
    "test_loss": [
      1.2409708499908447,
      1.0642820596694946,
      0.8744948506355286,
      0.8349426984786987,
      0.7777906656265259,
      0.7687858939170837,
      0.7867745757102966,
      0.7782972455024719,
      0.826168417930603,
      0.8690491318702698,
      0.9468763470649719,
      0.9828742742538452,
      1.0479974746704102,
      1.2081104516983032,
      1.2535693645477295
    ],
    "test_acc": [
      55.04999923706055,
      62.439998626708984,
      69.13999938964844,
      71.0999984741211,
      73.18000030517578,
      74.1500015258789,
      73.8499984741211,
      74.72000122070312,
      74.0999984741211,
      74.7699966430664,
      74.43000030517578,
      74.47000122070312,
      73.97999572753906,
      74.08999633789062,
      73.56999969482422
    ]
  }
}