{
  "config": {
    "run_name": "test",
    "out_dir": "./results",
    "seed": 1272550359,
    "device": null,
    "bs_train": 128,
    "bs_test": 32,
    "batches": 100,
    "epochs": 100,
    "early_stopping": 3,
    "checkpoints": null,
    "lr": 0.001,
    "reg": 0.001,
    "filters_per_layer": [
      64,
      128,
      256
    ],
    "pool_every": 2,
    "hidden_dims": [
      100
    ],
    "model_type": "cnn",
    "kw": {},
    "layers_per_block": 2
  },
  "results": {
    "num_epochs": 0,
    "train_loss": [
      1.7150009870529175,
      1.2284818887710571,
      0.9978970885276794,
      0.8390988111495972,
      0.7188581824302673,
      0.6217545866966248,
      0.533754289150238,
      0.4619295001029968,
      0.380944162607193,
      0.3236672580242157,
      0.2613619565963745,
      0.2103632092475891,
      0.17252974212169647,
      0.14292185008525848,
      0.10314793139696121,
      0.10891588777303696
    ],
    "train_acc": [
      36.349998474121094,
      55.30399703979492,
      64.58399963378906,
      70.22799682617188,
      74.51200103759766,
      78.3479995727539,
      81.197998046875,
      83.65399932861328,
      86.44200134277344,
      88.36799621582031,
      90.7439956665039,
      92.33200073242188,
      93.82599639892578,
      94.92399597167969,
      96.48400115966797,
      96.0979995727539
    ],
    "test_loss": [
      1.3474652767181396,
      1.1118344068527222,
      0.9357726573944092,
      0.8370476961135864,
      0.7815697193145752,
      0.7562638521194458,
      0.6865943074226379,
      0.6966028213500977,
      0.7141264081001282,
      0.7133893370628357,
      0.7503518462181091,
      0.8313961625099182,
      0.9012797474861145,
      0.9487162828445435,
      1.0979409217834473,
      1.1312130689620972
    ],
    "test_acc": [
      50.79999923706055,
      60.30999755859375,
      66.43999481201172,
      70.5999984741211,
      73.45999908447266,
      74.04000091552734,
      76.65999603271484,
      77.37999725341797,
      77.27999877929688,
      77.8699951171875,
      78.65999603271484,
      77.5999984741211,
      77.93999481201172,
      77.79999542236328,
      77.44999694824219,
      77.13999938964844
    ]
  }
}