{
  "config": {
    "run_name": "test",
    "out_dir": "./results",
    "seed": 645364884,
    "device": null,
    "bs_train": 128,
    "bs_test": 32,
    "batches": 100,
    "epochs": 100,
    "early_stopping": 3,
    "checkpoints": null,
    "lr": 0.001,
    "reg": 0.001,
    "filters_per_layer": [
      32
    ],
    "pool_every": 4,
    "hidden_dims": [
      100
    ],
    "model_type": "cnn",
    "kw": {},
    "layers_per_block": 16
  },
  "results": {
    "num_epochs": 0,
    "train_loss": [
      2.303175210952759,
      2.302896022796631,
      2.3029112815856934,
      2.3028197288513184,
      2.3028452396392822,
      2.3027632236480713,
      2.3028104305267334,
      2.3028018474578857,
      2.302767038345337,
      2.3027260303497314,
      2.3027801513671875,
      2.3027262687683105,
      2.302769899368286,
      2.3027076721191406,
      2.3027467727661133,
      2.3027102947235107,
      2.30273175239563,
      2.302704334259033
    ],
    "train_acc": [
      9.833999633789062,
      9.881999969482422,
      9.52199935913086,
      9.684000015258789,
      9.892000198364258,
      10.001999855041504,
      9.880000114440918,
      9.631999969482422,
      9.819999694824219,
      9.935999870300293,
      9.715999603271484,
      9.995999336242676,
      9.613999366760254,
      9.889999389648438,
      9.661999702453613,
      9.763999938964844,
      9.711999893188477,
      9.644000053405762
    ],
    "test_loss": [
      2.3026516437530518,
      2.3028483390808105,
      2.302637815475464,
      2.302736282348633,
      2.3026485443115234,
      2.3027076721191406,
      2.3026304244995117,
      2.302614212036133,
      2.302630662918091,
      2.3026516437530518,
      2.302612543106079,
      2.302626848220825,
      2.3026123046875,
      2.302607297897339,
      2.3025994300842285,
      2.3025951385498047,
      2.30259108543396,
      2.3025963306427
    ],
    "test_acc": [
      10.0,
      10.0,
      10.0,
      10.0,
      10.0,
      10.0,
      10.0,
      10.0,
      10.0,
      10.0,
      10.0,
      10.0,
      10.0,
      10.0,
      10.0,
      10.0,
      10.0,
      10.0
    ]
  }
}