{
  "config": {
    "run_name": "test",
    "out_dir": "./results",
    "seed": 1934579538,
    "device": null,
    "bs_train": 128,
    "bs_test": 32,
    "batches": 100,
    "epochs": 100,
    "early_stopping": 3,
    "checkpoints": null,
    "lr": 0.001,
    "reg": 0.001,
    "filters_per_layer": [
      64
    ],
    "pool_every": 2,
    "hidden_dims": [
      100
    ],
    "model_type": "cnn",
    "kw": {},
    "layers_per_block": 2
  },
  "results": {
    "num_epochs": 0,
    "train_loss": [
      1.4950920343399048,
      1.1247727870941162,
      0.9591347575187683,
      0.8406861424446106,
      0.7511228322982788,
      0.6763144135475159,
      0.5921382308006287,
      0.5191075801849365,
      0.4462910592556,
      0.3850872218608856,
      0.31651926040649414,
      0.26151084899902344
    ],
    "train_acc": [
      46.37799835205078,
      60.189998626708984,
      66.26000213623047,
      70.56999969482422,
      73.8239974975586,
      76.30199432373047,
      79.41199493408203,
      82.04199981689453,
      84.52399444580078,
      86.64399719238281,
      89.19999694824219,
      91.11199951171875
    ],
    "test_loss": [
      1.2167562246322632,
      1.083079218864441,
      0.9984309077262878,
      0.9439110159873962,
      0.9473473429679871,
      0.9326605796813965,
      0.9723519682884216,
      0.9858636856079102,
      1.0518596172332764,
      1.1210042238235474,
      1.2186548709869385,
      1.3200565576553345
    ],
    "test_acc": [
      57.23999786376953,
      61.40999984741211,
      64.52999877929688,
      66.97000122070312,
      66.94999694824219,
      67.83999633789062,
      68.13999938964844,
      68.11000061035156,
      68.04999542236328,
      67.29999542236328,
      66.54999542236328,
      66.70999908447266
    ]
  }
}