{
  "config": {
    "run_name": "test",
    "out_dir": "./results",
    "seed": 824083155,
    "device": null,
    "bs_train": 128,
    "bs_test": 32,
    "batches": 100,
    "epochs": 100,
    "early_stopping": 3,
    "checkpoints": null,
    "lr": 0.001,
    "reg": 0.001,
    "filters_per_layer": [
      64,
      128,
      256
    ],
    "pool_every": 3,
    "hidden_dims": [
      100
    ],
    "model_type": "resnet",
    "kw": {},
    "layers_per_block": 4
  },
  "results": {
    "num_epochs": 0,
    "train_loss": [
      1.7995822429656982,
      1.3043553829193115,
      1.0395708084106445,
      0.8564196228981018,
      0.7372878193855286,
      0.6245421767234802,
      0.5367578864097595,
      0.4569832384586334,
      0.381381094455719,
      0.3211368918418884,
      0.26340731978416443,
      0.21730194985866547,
      0.19268798828125,
      0.16060258448123932,
      0.1458931863307953,
      0.1326698362827301
    ],
    "train_acc": [
      31.788000106811523,
      51.89399719238281,
      62.7859992980957,
      69.65999603271484,
      74.06999969482422,
      77.98999786376953,
      81.18799591064453,
      84.0,
      86.68599700927734,
      88.77399444580078,
      90.79000091552734,
      92.30400085449219,
      93.1199951171875,
      94.23199462890625,
      94.80400085449219,
      95.37999725341797
    ],
    "test_loss": [
      1.4509822130203247,
      1.1931012868881226,
      1.0054035186767578,
      0.8464182615280151,
      0.7875496745109558,
      0.7020558714866638,
      0.6940953135490417,
      0.6825227737426758,
      0.7056067585945129,
      0.713365375995636,
      0.7546114325523376,
      0.865121603012085,
      0.8308612108230591,
      0.9237398505210876,
      0.9704864025115967,
      1.0113587379455566
    ],
    "test_acc": [
      46.05999755859375,
      56.37999725341797,
      65.1500015258789,
      70.66999816894531,
      72.2699966430664,
      75.72000122070312,
      76.16999816894531,
      77.06999969482422,
      77.7699966430664,
      77.58000183105469,
      78.25999450683594,
      76.31999969482422,
      78.0999984741211,
      76.47999572753906,
      77.3699951171875,
      76.44999694824219
    ]
  }
}