{
  "config": {
    "run_name": "test",
    "out_dir": "./results",
    "seed": 1570603320,
    "device": null,
    "bs_train": 128,
    "bs_test": 32,
    "batches": 100,
    "epochs": 100,
    "early_stopping": 3,
    "checkpoints": null,
    "lr": 0.001,
    "reg": 0.001,
    "filters_per_layer": [
      32
    ],
    "pool_every": 3,
    "hidden_dims": [
      100
    ],
    "model_type": "resnet",
    "kw": {},
    "layers_per_block": 16
  },
  "results": {
    "num_epochs": 0,
    "train_loss": [
      1.7982248067855835,
      1.439827799797058,
      1.2463905811309814,
      1.094545841217041,
      0.9884399771690369,
      0.8989311456680298,
      0.8297401666641235,
      0.7720191478729248,
      0.7194510102272034,
      0.6687037944793701,
      0.6322404146194458,
      0.5971949100494385,
      0.5588918328285217,
      0.5309208035469055,
      0.5027042627334595,
      0.4773716330528259,
      0.4579218327999115,
      0.429014652967453,
      0.4132257103919983,
      0.39306432008743286,
      0.38002127408981323,
      0.3646731674671173
    ],
    "train_acc": [
      32.805999755859375,
      47.045997619628906,
      54.54199981689453,
      60.49399948120117,
      64.47599792480469,
      67.81399536132812,
      70.38800048828125,
      72.64799499511719,
      74.42599487304688,
      76.16799926757812,
      77.60399627685547,
      78.95800018310547,
      80.20600128173828,
      81.23999786376953,
      82.29999542236328,
      83.1199951171875,
      83.65799713134766,
      84.79000091552734,
      85.26200103759766,
      85.86799621582031,
      86.47799682617188,
      86.90999603271484
    ],
    "test_loss": [
      1.5256601572036743,
      1.3144135475158691,
      1.1642889976501465,
      1.0581963062286377,
      1.0045620203018188,
      0.9368775486946106,
      0.9482722878456116,
      0.8331753611564636,
      0.8140024542808533,
      0.8290640711784363,
      0.8464277386665344,
      0.8188490867614746,
      0.7599930167198181,
      0.8103910088539124,
      0.7564951181411743,
      0.7824811339378357,
      0.766598105430603,
      0.8006116151809692,
      0.7774134874343872,
      0.855742335319519,
      0.8219254016876221,
      0.8465031981468201
    ],
    "test_acc": [
      43.38999938964844,
      52.22999954223633,
      57.02000045776367,
      61.79999923706055,
      63.82999801635742,
      65.90999603271484,
      66.86000061035156,
      70.70999908447266,
      71.44999694824219,
      71.75999450683594,
      70.63999938964844,
      72.18000030517578,
      74.43999481201172,
      73.15999603271484,
      74.83000183105469,
      74.47000122070312,
      75.52999877929688,
      74.7699966430664,
      75.23999786376953,
      73.86000061035156,
      74.63999938964844,
      74.40999603271484
    ]
  }
}