{
  "config": {
    "run_name": "test",
    "out_dir": "./results",
    "seed": 2058132449,
    "device": null,
    "bs_train": 128,
    "bs_test": 32,
    "batches": 100,
    "epochs": 100,
    "early_stopping": 3,
    "checkpoints": null,
    "lr": 0.001,
    "reg": 0.001,
    "filters_per_layer": [
      256
    ],
    "pool_every": 2,
    "hidden_dims": [
      100
    ],
    "model_type": "cnn",
    "kw": {},
    "layers_per_block": 2
  },
  "results": {
    "num_epochs": 0,
    "train_loss": [
      1.5238451957702637,
      1.1778535842895508,
      1.0473244190216064,
      0.9454827308654785,
      0.8615429401397705,
      0.799251914024353,
      0.734437882900238,
      0.6770416498184204,
      0.6286613345146179,
      0.5748291611671448,
      0.5276919007301331
    ],
    "train_acc": [
      45.68000030517578,
      58.15399932861328,
      62.865997314453125,
      66.78199768066406,
      69.56399536132812,
      71.81399536132812,
      74.07799530029297,
      76.21599578857422,
      77.85399627685547,
      79.94999694824219,
      81.40999603271484
    ],
    "test_loss": [
      1.2599027156829834,
      1.1367310285568237,
      1.0869660377502441,
      1.0130541324615479,
      1.0648829936981201,
      0.9955360889434814,
      0.9941158294677734,
      1.0368183851242065,
      1.0913910865783691,
      1.0789841413497925,
      1.1411423683166504
    ],
    "test_acc": [
      54.939998626708984,
      59.16999816894531,
      61.28999710083008,
      63.54999923706055,
      62.56999969482422,
      65.5999984741211,
      65.79999542236328,
      65.86000061035156,
      64.30999755859375,
      65.58999633789062,
      65.70999908447266
    ]
  }
}