{
  "config": {
    "run_name": "test",
    "out_dir": "./results",
    "seed": 328835684,
    "device": null,
    "bs_train": 128,
    "bs_test": 32,
    "batches": 100,
    "epochs": 100,
    "early_stopping": 3,
    "checkpoints": null,
    "lr": 0.001,
    "reg": 0.001,
    "filters_per_layer": [
      32,
      64,
      128
    ],
    "pool_every": 2,
    "hidden_dims": [
      100
    ],
    "model_type": "ycn",
    "kw": {},
    "layers_per_block": 3
  },
  "results": {
    "num_epochs": 0,
    "train_loss": [
      1.7302674055099487,
      1.3239511251449585,
      1.1295173168182373,
      0.9946520924568176,
      0.9053001403808594,
      0.826763927936554,
      0.7754440903663635,
      0.7306519150733948,
      0.6981355547904968,
      0.6652902960777283,
      0.6361566781997681,
      0.615173876285553,
      0.5907461643218994,
      0.5708856582641602,
      0.5537020564079285,
      0.5328951478004456,
      0.5216553211212158,
      0.50930255651474,
      0.495971143245697,
      0.4833858609199524,
      0.4725930988788605,
      0.46188586950302124
    ],
    "train_acc": [
      35.077999114990234,
      51.645999908447266,
      59.227996826171875,
      64.73799896240234,
      68.3239974975586,
      71.0459976196289,
      72.97000122070312,
      74.5260009765625,
      75.7719955444336,
      76.85199737548828,
      77.68199920654297,
      78.70399475097656,
      79.5199966430664,
      80.11199951171875,
      80.6719970703125,
      81.44599914550781,
      81.78399658203125,
      82.28199768066406,
      82.60199737548828,
      82.96599578857422,
      83.55400085449219,
      83.88600158691406
    ],
    "test_loss": [
      1.3668862581253052,
      1.1140587329864502,
      0.9783901572227478,
      0.8813117146492004,
      0.8284351825714111,
      0.7565998435020447,
      0.7425925135612488,
      0.6786184310913086,
      0.7063419818878174,
      0.6331153512001038,
      0.668146550655365,
      0.6450062394142151,
      0.6307276487350464,
      0.6418623328208923,
      0.6050790548324585,
      0.6221146583557129,
      0.5716429948806763,
      0.6075479984283447,
      0.632493793964386,
      0.6080196499824524,
      0.576292097568512,
      0.5911619663238525
    ],
    "test_acc": [
      50.16999816894531,
      59.90999984741211,
      65.08999633789062,
      69.29000091552734,
      71.18000030517578,
      73.80999755859375,
      74.30999755859375,
      76.40999603271484,
      76.18999481201172,
      77.88999938964844,
      77.2699966430664,
      78.00999450683594,
      78.6199951171875,
      77.62999725341797,
      78.90999603271484,
      78.6199951171875,
      80.72999572753906,
      79.58999633789062,
      79.0999984741211,
      79.65999603271484,
      80.47999572753906,
      80.23999786376953
    ]
  }
}