{
  "config": {
    "run_name": "test",
    "out_dir": "./results",
    "seed": 1527945364,
    "device": null,
    "bs_train": 128,
    "bs_test": 32,
    "batches": 100,
    "epochs": 100,
    "early_stopping": 3,
    "checkpoints": null,
    "lr": 0.001,
    "reg": 0.001,
    "filters_per_layer": [
      32,
      64,
      128
    ],
    "pool_every": 3,
    "hidden_dims": [
      100
    ],
    "model_type": "ycn",
    "kw": {},
    "layers_per_block": 6
  },
  "results": {
    "num_epochs": 0,
    "train_loss": [
      1.9655920267105103,
      1.6233000755310059,
      1.4699445962905884,
      1.3591854572296143,
      1.2560572624206543,
      1.1815463304519653,
      1.1211161613464355,
      1.0750627517700195,
      1.0184239149093628,
      0.976289689540863,
      0.937292218208313,
      0.9095636606216431,
      0.8807066082954407,
      0.8584343194961548,
      0.836325466632843,
      0.8135961890220642,
      0.7953441739082336,
      0.7845377922058105,
      0.7654174566268921,
      0.7557461857795715,
      0.7434188723564148,
      0.7266155481338501,
      0.7178671956062317,
      0.7101695537567139,
      0.6954593658447266,
      0.6894478797912598,
      0.6774120926856995,
      0.6707342267036438,
      0.6593948602676392,
      0.6573200821876526,
      0.6507915258407593,
      0.6398495435714722,
      0.6346439123153687,
      0.6253281831741333,
      0.6192578673362732,
      0.6132278442382812,
      0.6087245941162109,
      0.607154369354248,
      0.5923153758049011,
      0.5951887369155884,
      0.587879478931427,
      0.5811590552330017,
      0.5712835192680359,
      0.5755271911621094,
      0.5696379542350769,
      0.5656750202178955,
      0.5578206777572632,
      0.5538899302482605,
      0.5515176653862,
      0.5492201447486877,
      0.5471712350845337,
      0.5407342314720154,
      0.5330240726470947,
      0.5304951667785645,
      0.5300605893135071,
      0.5227091312408447,
      0.5234509110450745,
      0.5131864547729492,
      0.5195118188858032,
      0.510562539100647,
      0.5104689598083496,
      0.49970343708992004
    ],
    "train_acc": [
      25.275999069213867,
      39.33599853515625,
      46.097999572753906,
      50.402000427246094,
      54.62199783325195,
      57.34199905395508,
      59.619998931884766,
      61.4379997253418,
      63.79399871826172,
      65.05599975585938,
      66.72200012207031,
      67.7179946899414,
      68.79199981689453,
      69.51200103759766,
      70.6500015258789,
      71.45199584960938,
      71.93799591064453,
      72.45399475097656,
      73.01599884033203,
      73.38600158691406,
      73.89799499511719,
      74.61000061035156,
      74.73999786376953,
      74.97799682617188,
      75.57599639892578,
      75.79000091552734,
      76.31399536132812,
      76.56399536132812,
      76.9020004272461,
      77.06800079345703,
      77.17399597167969,
      77.78199768066406,
      77.9219970703125,
      78.30400085449219,
      78.25199890136719,
      78.61000061035156,
      78.75199890136719,
      78.8740005493164,
      79.17399597167969,
      79.1259994506836,
      79.42599487304688,
      79.5979995727539,
      80.0979995727539,
      79.68799591064453,
      80.04999542236328,
      80.2239990234375,
      80.59199523925781,
      80.51799774169922,
      80.57599639892578,
      80.82999420166016,
      80.8219985961914,
      81.1719970703125,
      81.41400146484375,
      81.39399719238281,
      81.42599487304688,
      81.83599853515625,
      81.76200103759766,
      81.97200012207031,
      81.73400115966797,
      82.1780014038086,
      82.38600158691406,
      82.33999633789062
    ],
    "test_loss": [
      1.6537590026855469,
      1.5193651914596558,
      1.3444360494613647,
      1.2975964546203613,
      1.193267822265625,
      1.098737359046936,
      1.0223174095153809,
      1.0620039701461792,
      0.9993534088134766,
      0.9582160711288452,
      0.9014096856117249,
      0.8645689487457275,
      0.8182775974273682,
      0.8274814486503601,
      0.8007655739784241,
      0.7440794706344604,
      0.7349361777305603,
      0.7271833419799805,
      0.7874649167060852,
      0.7158688902854919,
      0.7056552767753601,
      0.6933007836341858,
      0.7208805084228516,
      0.690484881401062,
      0.7276744842529297,
      0.686642587184906,
      0.7024179100990295,
      0.6871607303619385,
      0.6814447641372681,
      0.6725456714630127,
      0.6631522178649902,
      0.6508059501647949,
      0.6647042036056519,
      0.6892975568771362,
      0.6447929739952087,
      0.6328879594802856,
      0.6319026947021484,
      0.661090612411499,
      0.6284972429275513,
      0.6228778958320618,
      0.6053676009178162,
      0.6498209834098816,
      0.6063044667243958,
      0.5929803848266602,
      0.6290537118911743,
      0.6344369649887085,
      0.61008220911026,
      0.6120988130569458,
      0.5987517237663269,
      0.5974438190460205,
      0.594562292098999,
      0.602591872215271,
      0.6548652648925781,
      0.5928184986114502,
      0.5949576497077942,
      0.6053898334503174,
      0.5838690996170044,
      0.6309919357299805,
      0.5743664503097534,
      0.5933902859687805,
      0.6007019281387329,
      0.5847395658493042
    ],
    "test_acc": [
      37.779998779296875,
      42.09000015258789,
      50.34000015258789,
      52.75,
      57.349998474121094,
      60.30999755859375,
      63.41999816894531,
      61.53999710083008,
      64.98999786376953,
      66.63999938964844,
      68.19999694824219,
      69.47000122070312,
      71.05999755859375,
      70.98999786376953,
      71.68999481201172,
      73.97000122070312,
      74.41999816894531,
      74.7699966430664,
      72.70999908447266,
      75.27999877929688,
      75.61000061035156,
      76.00999450683594,
      75.00999450683594,
      76.08999633789062,
      74.72000122070312,
      76.43000030517578,
      75.72999572753906,
      76.93000030517578,
      76.73999786376953,
      76.77999877929688,
      77.02999877929688,
      78.08000183105469,
      77.72000122070312,
      77.12999725341797,
      77.86000061035156,
      78.54000091552734,
      78.5999984741211,
      77.6199951171875,
      78.62999725341797,
      78.83999633789062,
      79.3499984741211,
      77.77999877929688,
      79.30999755859375,
      79.54999542236328,
      78.72000122070312,
      78.93999481201172,
      79.25999450683594,
      79.6199951171875,
      79.77999877929688,
      80.00999450683594,
      79.73999786376953,
      80.02999877929688,
      78.6199951171875,
      80.31999969482422,
      79.63999938964844,
      80.02999877929688,
      80.55999755859375,
      79.18000030517578,
      80.45999908447266,
      80.11000061035156,
      79.7699966430664,
      80.47000122070312
    ]
  }
}