{
  "config": {
    "run_name": "test",
    "out_dir": "./results",
    "seed": 2004210599,
    "device": null,
    "bs_train": 128,
    "bs_test": 32,
    "batches": 100,
    "epochs": 100,
    "early_stopping": 3,
    "checkpoints": null,
    "lr": 0.001,
    "reg": 0.001,
    "filters_per_layer": [
      32,
      64,
      128
    ],
    "pool_every": 3,
    "hidden_dims": [
      100
    ],
    "model_type": "ycn",
    "kw": {},
    "layers_per_block": 12
  },
  "results": {
    "num_epochs": 0,
    "train_loss": [
      2.012253761291504,
      1.7596535682678223,
      1.6179155111312866,
      1.4849567413330078,
      1.3832651376724243,
      1.306033968925476,
      1.23193359375,
      1.1832095384597778,
      1.1350575685501099,
      1.1025621891021729,
      1.067573070526123,
      1.0312297344207764,
      1.0010324716567993,
      0.97786545753479,
      0.9579054117202759,
      0.9433245658874512,
      0.922093391418457,
      0.9061135053634644,
      0.8974260687828064,
      0.8792394995689392,
      0.8709306120872498,
      0.8598751425743103,
      0.8493419885635376,
      0.8381077647209167,
      0.8344900608062744,
      0.8246589303016663,
      0.8226965069770813,
      0.8053361773490906,
      0.80394047498703,
      0.7965073585510254,
      0.7864296436309814,
      0.782684862613678,
      0.7738083600997925,
      0.7710081934928894,
      0.7738677859306335,
      0.7627038955688477,
      0.7640272378921509,
      0.7548081278800964,
      0.7481367588043213,
      0.7388482689857483,
      0.7334213852882385,
      0.735515296459198
    ],
    "train_acc": [
      21.802000045776367,
      32.115997314453125,
      38.62999725341797,
      44.61399841308594,
      48.959999084472656,
      52.28799819946289,
      55.253997802734375,
      57.22200012207031,
      59.125999450683594,
      60.5,
      61.875999450683594,
      63.163997650146484,
      64.28800201416016,
      65.5,
      65.7979965209961,
      66.72999572753906,
      67.23799896240234,
      68.13199615478516,
      68.20199584960938,
      68.93399810791016,
      69.03199768066406,
      69.62799835205078,
      70.15599822998047,
      70.45600128173828,
      70.70800018310547,
      70.62200164794922,
      71.13999938964844,
      71.5219955444336,
      71.67599487304688,
      72.10399627685547,
      72.41799926757812,
      72.64799499511719,
      72.90399932861328,
      72.99800109863281,
      72.9939956665039,
      73.22200012207031,
      73.28799438476562,
      73.4739990234375,
      73.82799530029297,
      74.07599639892578,
      74.2439956665039,
      74.16999816894531
    ],
    "test_loss": [
      1.7563517093658447,
      1.6635971069335938,
      1.5313584804534912,
      1.3730212450027466,
      1.2963824272155762,
      1.157336950302124,
      1.108522653579712,
      1.0651859045028687,
      1.0159988403320312,
      0.9601448774337769,
      1.0140306949615479,
      0.9047581553459167,
      0.9097723364830017,
      0.9082140922546387,
      0.8543000817298889,
      0.8740897178649902,
      0.8309627175331116,
      0.8240765929222107,
      0.8130061626434326,
      0.8160572052001953,
      0.7927027940750122,
      0.7960898280143738,
      0.7752975225448608,
      0.7604804635047913,
      0.7970277070999146,
      0.7565873265266418,
      0.7428072094917297,
      0.7535562515258789,
      0.7622054815292358,
      0.7183809280395508,
      0.7325978875160217,
      0.7624652981758118,
      0.7395864129066467,
      0.6987776160240173,
      0.7115066647529602,
      0.7649668455123901,
      0.6935826539993286,
      0.7017529606819153,
      0.694895327091217,
      0.7181625962257385,
      0.7198238372802734,
      0.7030740976333618
    ],
    "test_acc": [
      32.349998474121094,
      35.709999084472656,
      41.23999786376953,
      49.12999725341797,
      51.46999740600586,
      58.029998779296875,
      60.75,
      61.48999786376953,
      63.279998779296875,
      65.29999542236328,
      63.55999755859375,
      67.52999877929688,
      67.20999908447266,
      67.81999969482422,
      69.6500015258789,
      68.8499984741211,
      70.88999938964844,
      70.63999938964844,
      71.52999877929688,
      71.1199951171875,
      72.58999633789062,
      72.1500015258789,
      72.73999786376953,
      73.43999481201172,
      72.15999603271484,
      73.61000061035156,
      74.1500015258789,
      74.04999542236328,
      73.08000183105469,
      75.04000091552734,
      74.50999450683594,
      73.87999725341797,
      74.61000061035156,
      75.97000122070312,
      75.1199951171875,
      74.04000091552734,
      76.12999725341797,
      75.9000015258789,
      75.91999816894531,
      75.19999694824219,
      75.45999908447266,
      76.05999755859375
    ]
  }
}