{
  "config": {
    "run_name": "test",
    "out_dir": "./results",
    "seed": 1283192815,
    "device": null,
    "bs_train": 128,
    "bs_test": 32,
    "batches": 100,
    "epochs": 100,
    "early_stopping": 3,
    "checkpoints": null,
    "lr": 0.001,
    "reg": 0.001,
    "filters_per_layer": [
      32,
      64,
      128
    ],
    "pool_every": 3,
    "hidden_dims": [
      100
    ],
    "model_type": "ycn",
    "kw": {},
    "layers_per_block": 9
  },
  "results": {
    "num_epochs": 0,
    "train_loss": [
      1.9551352262496948,
      1.6504178047180176,
      1.4793084859848022,
      1.355767011642456,
      1.2659785747528076,
      1.1831649541854858,
      1.1213632822036743,
      1.0682284832000732,
      1.0245187282562256,
      0.9899024963378906,
      0.9658912420272827,
      0.9395089745521545,
      0.9185405969619751,
      0.8925076127052307,
      0.8801827430725098,
      0.8683018684387207,
      0.845933198928833,
      0.8447964787483215,
      0.8232669234275818,
      0.8181185722351074,
      0.8027029633522034,
      0.7898978590965271,
      0.7888472080230713,
      0.7771669626235962,
      0.7688224911689758,
      0.7605776786804199,
      0.7533685564994812,
      0.7482153177261353,
      0.7426837086677551,
      0.730315625667572,
      0.7328898310661316,
      0.7179136872291565,
      0.7182796597480774,
      0.7141613364219666,
      0.7019192576408386,
      0.7014001607894897,
      0.6992238163948059,
      0.6952568292617798,
      0.6836869120597839,
      0.6817789077758789,
      0.6784618496894836,
      0.6759145259857178,
      0.6730855703353882,
      0.6654890775680542,
      0.6613062620162964,
      0.6628087759017944,
      0.6553600430488586,
      0.6509740948677063,
      0.6467590928077698,
      0.6395803689956665,
      0.6369017958641052,
      0.6394416093826294
    ],
    "train_acc": [
      24.461999893188477,
      37.20399856567383,
      44.80799865722656,
      50.29399871826172,
      53.85599899291992,
      56.87199783325195,
      59.323997497558594,
      61.78399658203125,
      63.51599884033203,
      64.7239990234375,
      65.76399993896484,
      66.86399841308594,
      67.48999786376953,
      68.36000061035156,
      68.78399658203125,
      69.27799987792969,
      70.08000183105469,
      70.08399963378906,
      70.87799835205078,
      71.43799591064453,
      71.52399444580078,
      72.45399475097656,
      72.34400177001953,
      72.5719985961914,
      73.04399871826172,
      73.197998046875,
      73.5219955444336,
      73.75999450683594,
      74.06800079345703,
      74.41999816894531,
      74.3499984741211,
      74.64399719238281,
      75.06999969482422,
      74.92399597167969,
      75.32599639892578,
      75.53799438476562,
      75.51399993896484,
      75.60199737548828,
      75.98799896240234,
      76.00799560546875,
      76.31599426269531,
      76.45199584960938,
      76.59199523925781,
      76.66999816894531,
      76.80799865722656,
      76.70199584960938,
      77.0459976196289,
      77.26399993896484,
      77.53399658203125,
      77.78799438476562,
      77.69999694824219,
      77.62200164794922
    ],
    "test_loss": [
      1.6963056325912476,
      1.4407615661621094,
      1.3871930837631226,
      1.2455414533615112,
      1.160468339920044,
      1.0951030254364014,
      1.0268603563308716,
      0.9825209379196167,
      0.9338204860687256,
      0.9278342723846436,
      0.874081552028656,
      0.8795850276947021,
      0.8727802038192749,
      0.8616774678230286,
      0.8625056147575378,
      0.7923541069030762,
      0.7798200249671936,
      0.8030612468719482,
      0.7819347977638245,
      0.7743534445762634,
      0.7557975649833679,
      0.7443662285804749,
      0.7432863712310791,
      0.7420450448989868,
      0.7485348582267761,
      0.7360336184501648,
      0.7072951197624207,
      0.754746675491333,
      0.7107310891151428,
      0.7028332352638245,
      0.6824406385421753,
      0.704325795173645,
      0.6840817332267761,
      0.685815691947937,
      0.6743578314781189,
      0.7116288542747498,
      0.6728752851486206,
      0.6630048751831055,
      0.6984204649925232,
      0.6620905995368958,
      0.6472628712654114,
      0.6436052322387695,
      0.6506628394126892,
      0.6565130949020386,
      0.6443440914154053,
      0.6428097486495972,
      0.6440663933753967,
      0.6541171073913574,
      0.6750372648239136,
      0.6753387451171875,
      0.6570661067962646,
      0.658646821975708
    ],
    "test_acc": [
      34.11000061035156,
      44.31999969482422,
      48.80999755859375,
      54.619998931884766,
      57.09000015258789,
      60.84000015258789,
      63.37999725341797,
      65.06999969482422,
      66.9000015258789,
      67.25999450683594,
      69.37999725341797,
      69.0999984741211,
      69.54000091552734,
      69.90999603271484,
      70.19999694824219,
      72.30999755859375,
      73.0,
      71.90999603271484,
      72.44999694824219,
      73.15999603271484,
      73.97000122070312,
      74.38999938964844,
      74.69999694824219,
      74.45999908447266,
      73.79999542236328,
      74.52999877929688,
      75.94999694824219,
      74.11000061035156,
      75.29999542236328,
      75.83000183105469,
      76.66999816894531,
      75.75999450683594,
      76.6199951171875,
      76.61000061035156,
      76.86000061035156,
      75.50999450683594,
      76.98999786376953,
      76.8699951171875,
      76.04999542236328,
      77.27999877929688,
      77.86000061035156,
      78.11000061035156,
      77.83999633789062,
      77.83000183105469,
      77.83999633789062,
      78.08999633789062,
      78.29999542236328,
      78.13999938964844,
      77.13999938964844,
      77.0199966430664,
      77.68999481201172,
      77.69999694824219
    ]
  }
}